stimulus_name,speech_rate,pitch_mean,pitch_sd,FL_ratio,AL_ratio,combined_ratio
CV4-L2_B1_4_B1_5-int-dur-rate,4.36690521295835,5.831926636135902,1.4582322001236225,1.2026023658506233,1.5402967182100018,1.8609067124778778
CV4-L2_B1_4_L1_4-int,5.536201430178643,5.9769673500477944,0.9930244110118674,0.9973058517803954,1.17390080939857,1.146457516812683
CV4-L2_B1_4_L1_4-int-dur,5.536201430178642,5.957665505316048,0.9757574147955808,0.931948673235507,1.2383594652475722,1.1989889928973696
CV4-L2_B1_4_L1_4-int-rate,6.273062730627307,6.0441262011177805,0.9513836705177718,0.9973058517803955,1.1739008093985703,1.1464575168126832
CV4-L2_B1_4_L1_4-int-dur-rate,6.273062730627307,6.029088502155805,0.9466269203529076,0.9319486732355058,1.2383594652475725,1.1989889928973692
CV4-L2_B1_4_L1_4-dur,5.536201430178642,5.818687420084724,1.2559471241722613,0.931948673235507,1.2383594652475722,1.1989889928973696
CV4-L2_B1_4_L1_4-dur-rate,6.273062730627307,5.919863943020011,1.2295285486688055,0.9319486732355058,1.2383594652475725,1.1989889928973692
CV4-L2_B1_4_L1_4-rate,6.273062730627307,5.946312480591982,1.244049274718356,0.9973058517803955,1.1739008093985703,1.1464575168126832
CV4-L2_C1_4_C1_5-int-dur-rate,5.689239428183369,5.6730018225250864,1.4966597417907095,1.033367791614026,1.433823889577307,1.4882591680152126
CV4-L2_C1_4_L1_4-int,5.115436665571745,5.573054302691791,0.9425783416594183,1.2030498769177131,1.4322346799827375,1.6048060911965514
CV4-L2_C1_4_L1_4-int-dur,5.115436665571745,5.5604660159417385,0.9297396034705803,0.9319486732355043,1.2383594652475731,1.1989889928973696
CV4-L2_C1_4_L1_4-int-rate,6.273062730627307,5.629515467658081,0.8938174403585168,1.2030498769177131,1.432234679982738,1.604806091196552
CV4-L2_C1_4_L1_4-int-dur-rate,6.273062730627307,5.629515467658081,0.8938174403585168,0.9319486732355058,1.2383594652475725,1.1989889928973692
CV4-L2_C1_4_L1_4-dur,5.115436665571745,5.4574418506115645,1.4482510931025387,0.9319486732355043,1.2383594652475731,1.1989889928973696
CV4-L2_C1_4_L1_4-dur-rate,6.273062730627307,5.559689863341398,1.3924336945626796,0.9319486732355058,1.2383594652475725,1.1989889928973692
CV4-L2_C1_4_L1_4-rate,6.273062730627307,5.559689863341398,1.3924336945626796,1.2030498769177131,1.432234679982738,1.604806091196552
CV4-L2_B1_5_B1_4-int-dur-rate,5.536201430178643,6.18551657021345,1.2650476498766667,0.9973058517803954,1.17390080939857,1.146457516812683
CV4-L2_B1_5_L1_4-int,4.36690521295835,6.215060680153887,1.0239299751687303,1.2026023658506233,1.5402967182100018,1.8609067124778778
CV4-L2_B1_5_L1_4-int-dur,4.3669052129583505,6.1594926762563675,1.0022010268665573,0.9319486732355057,1.2383594652475722,1.198988992897369
CV4-L2_B1_5_L1_4-int-rate,6.273062730627307,6.388712382146428,0.7694957786003164,1.2026023658506235,1.5402967182100027,1.8609067124778786
CV4-L2_B1_5_L1_4-int-dur-rate,6.273062730627307,6.356380958413038,0.7879497183034806,0.9319486732355058,1.2383594652475725,1.1989889928973692
CV4-L2_B1_5_L1_4-dur,4.3669052129583505,6.084628279166781,1.5328608740624463,0.9319486732355057,1.2383594652475722,1.198988992897369
CV4-L2_B1_5_L1_4-dur-rate,6.273062730627307,6.285439124153315,1.4542848597452507,0.9319486732355058,1.2383594652475725,1.1989889928973692
CV4-L2_B1_5_L1_4-rate,6.273062730627307,6.352692431749275,1.44581277211078,1.2026023658506235,1.5402967182100027,1.8609067124778786
CV4-L2_C1_5_C1_4-int-dur-rate,5.115436665571745,5.54190308764502,1.4615324793903672,1.2030498769177131,1.4322346799827375,1.6048060911965514
CV4-L2_C1_5_L1_4-int,5.689239428183369,5.65240801779067,0.9522958668116585,1.033367791614026,1.433823889577307,1.4882591680152126
CV4-L2_C1_5_L1_4-int-dur,5.689239428183369,5.65240801779067,0.9522958668116585,0.9319486732355051,1.238359465247573,1.1989889928973696
CV4-L2_C1_5_L1_4-int-rate,6.273062730627307,5.67126081784902,0.9497110427455757,1.0333677916140258,1.4338238895773072,1.4882591680152129
CV4-L2_C1_5_L1_4-int-dur-rate,6.273062730627307,5.667259000775191,0.953120049521087,0.9319486732355058,1.2383594652475725,1.1989889928973692
CV4-L2_C1_5_L1_4-dur,5.689239428183369,5.591136646720431,1.6272106225107605,0.9319486732355051,1.238359465247573,1.1989889928973696
CV4-L2_C1_5_L1_4-dur-rate,6.273062730627307,5.713011427245386,1.529783758913503,0.9319486732355058,1.2383594652475725,1.1989889928973692
CV4-L2_C1_5_L1_4-rate,6.273062730627307,5.726931237910125,1.5151624644699198,1.0333677916140258,1.4338238895773072,1.4882591680152129
CV4-L1_4,6.273062730627307,4.656337882837414,0.8353015725742121,0.9319486732355058,1.2383594652475725,1.1989889928973692
CVC1-L2_B1_4_B1_5-int-dur-rate,3.347167636590528,6.3245804201645655,1.3305963823192704,1.479335857997757,1.6599386313014097,1.6586822817190023
CVC1-L2_B1_4_L1_4-int,3.7432129755466685,6.654392493548781,1.4555325782137243,1.086866595588951,1.2094922773666248,1.1199099672603041
CVC1-L2_B1_4_L1_4-int-dur,3.7432129755466685,6.580485490870212,1.3300647159672656,1.093215182411349,1.680304337187602,1.6521132922223942
CVC1-L2_B1_4_L1_4-int-rate,4.846022249068687,6.856478483429577,1.3680483680395312,1.086866595588951,1.2094922773666248,1.1199099672603037
CVC1-L2_B1_4_L1_4-int-dur-rate,4.846022249068687,6.828945324910004,1.3803431644572879,1.0932151824113485,1.6803043371876016,1.6521132922223933
CVC1-L2_B1_4_L1_4-dur,3.7432129755466685,6.362804239823198,1.6361940225430691,1.093215182411349,1.680304337187602,1.6521132922223942
CVC1-L2_B1_4_L1_4-dur-rate,4.846022249068687,6.587340104913661,1.5499534501957188,1.0932151824113485,1.6803043371876016,1.6521132922223933
CVC1-L2_B1_4_L1_4-rate,4.846022249068687,6.6160186869342335,1.5501377520454858,1.086866595588951,1.2094922773666248,1.1199099672603037
CVC1-L2_C1_4_C1_5-int-dur-rate,4.404145077720208,5.894017048324306,1.35203367232786,1.417604283965659,1.6009305893989223,1.542939637075397
CVC1-L2_C1_4_L1_4-int,2.890152196453865,5.687510083021402,1.289040803614041,1.672915401346207,1.6073180829744045,1.539511148766953
CVC1-L2_C1_4_L1_4-int-dur,2.890152196453865,5.688866081619229,1.2903975586843557,1.0932151824113479,1.6803043371876023,1.652113292222394
CVC1-L2_C1_4_L1_4-int-rate,4.846022249068687,5.872278721941618,1.2529412947640926,1.672915401346208,1.6073180829744038,1.5395111487669528
CVC1-L2_C1_4_L1_4-int-dur-rate,4.846022249068687,5.875875639210275,1.2532308293783372,1.0932151824113485,1.6803043371876016,1.6521132922223933
CVC1-L2_C1_4_L1_4-dur,2.890152196453865,5.358217782809129,1.3902152548304347,1.0932151824113479,1.6803043371876023,1.652113292222394
CVC1-L2_C1_4_L1_4-dur-rate,4.846022249068687,5.49041206450489,1.4920347532350706,1.0932151824113485,1.6803043371876016,1.6521132922223933
CVC1-L2_C1_4_L1_4-rate,4.846022249068687,5.483648435642561,1.4846162217089507,1.672915401346208,1.6073180829744038,1.5395111487669528
CVC1-L2_B1_5_B1_4-int-dur-rate,3.7432129755466685,6.201053287011541,1.4920423882649338,1.086866595588951,1.2094922773666248,1.1199099672603041
CVC1-L2_B1_5_L1_4-int,3.347167636590528,6.301402814581702,1.3926124371475324,1.479335857997757,1.6599386313014097,1.6586822817190023
CVC1-L2_B1_5_L1_4-int-dur,3.347167636590528,6.2807508968605035,1.3818854490206554,1.0932151824113492,1.680304337187602,1.6521132922223944
CVC1-L2_B1_5_L1_4-int-rate,4.846022249068687,6.4981487126590665,1.346670720206239,1.479335857997757,1.6599386313014106,1.6586822817190028
CVC1-L2_B1_5_L1_4-int-dur-rate,4.846022249068687,6.5018085001866215,1.3419788845296976,1.0932151824113485,1.6803043371876016,1.6521132922223933
CVC1-L2_B1_5_L1_4-dur,3.347167636590528,5.979830195575364,1.2847976534591472,1.0932151824113492,1.680304337187602,1.6521132922223944
CVC1-L2_B1_5_L1_4-dur-rate,4.846022249068687,6.078805759809898,1.2461249293039918,1.0932151824113485,1.6803043371876016,1.6521132922223933
CVC1-L2_B1_5_L1_4-rate,4.846022249068687,6.078805759809898,1.2461249293039918,1.479335857997757,1.6599386313014106,1.6586822817190028
CVC1-L2_C1_5_C1_4-int-dur-rate,2.890152196453865,5.014534775456977,0.9650335628857649,1.672915401346207,1.6073180829744045,1.539511148766953
CVC1-L2_C1_5_L1_4-int,4.404145077720208,5.482839656189735,1.2561048156354169,1.417604283965659,1.6009305893989223,1.542939637075397
CVC1-L2_C1_5_L1_4-int-dur,4.404145077720208,5.476648525072419,1.2645116244358714,1.093215182411349,1.6803043371876023,1.6521132922223938
CVC1-L2_C1_5_L1_4-int-rate,4.846022249068687,5.501156999765019,1.2723540865702503,1.417604283965658,1.6009305893989219,1.542939637075396
CVC1-L2_C1_5_L1_4-int-dur-rate,4.846022249068687,5.4964450475106155,1.2719856191620806,1.0932151824113485,1.6803043371876016,1.6521132922223933
CVC1-L2_C1_5_L1_4-dur,4.404145077720208,5.366594769306995,1.3711478786972375,1.093215182411349,1.6803043371876023,1.6521132922223938
CVC1-L2_C1_5_L1_4-dur-rate,4.846022249068687,5.514970491851535,1.2900968274819318,1.0932151824113485,1.6803043371876016,1.6521132922223933
CVC1-L2_C1_5_L1_4-rate,4.846022249068687,5.521241824635671,1.2882698835203064,1.417604283965658,1.6009305893989219,1.542939637075396
CVC1-L1_4,4.846022249068687,4.793844568815176,1.1487143041793344,1.0932151824113485,1.6803043371876016,1.6521132922223933
CVC2-L2_B1_4_B1_5-int-dur-rate,3.0011342458434513,5.895997310167357,1.5490848356834914,1.2846910044701965,1.5002089142926252,1.3685314343502883
CVC2-L2_B1_4_L1_4-int,3.2626364062436357,6.192228314062571,2.0695656615911058,1.342992805108047,1.2923408297977983,1.235698808625765
CVC2-L2_B1_4_L1_4-int-dur,3.2626364062436357,6.052965060113171,2.119305455534571,1.451101549582371,1.3947184161762092,1.2801621155067224
CVC2-L2_B1_4_L1_4-int-rate,3.872887944764872,6.316839969900895,2.0431069890121925,1.3429928051080473,1.2923408297977983,1.235698808625765
CVC2-L2_B1_4_L1_4-int-dur-rate,3.872887944764872,6.163410371305431,2.1298818910337407,1.4511015495823723,1.3947184161762092,1.2801621155067224
CVC2-L2_B1_4_L1_4-dur,3.2626364062436357,5.92587662611123,1.349125276685736,1.451101549582371,1.3947184161762092,1.2801621155067224
CVC2-L2_B1_4_L1_4-dur-rate,3.872887944764872,6.003016058629984,1.3611373487838536,1.4511015495823723,1.3947184161762092,1.2801621155067224
CVC2-L2_B1_4_L1_4-rate,3.872887944764872,6.0267205078383785,1.3505429732581906,1.3429928051080473,1.2923408297977983,1.235698808625765
CVC2-L2_C1_4_C1_5-int-dur-rate,3.652418506470751,5.203643759263802,1.6174599948145263,1.1542097727315301,1.1209324693968747,1.0852424573182444
CVC2-L2_C1_4_L1_4-int,2.6875654374996825,5.269823342428798,1.8512906695284939,1.2210350949671331,1.3852967722387421,1.635749273410259
CVC2-L2_C1_4_L1_4-int-dur,2.6875654374996825,5.085646584980454,1.9506181280444832,1.4511015495823727,1.3947184161762092,1.2801621155067227
CVC2-L2_C1_4_L1_4-int-rate,3.872887944764872,5.617103092712217,1.7985992536741597,1.2210350949671334,1.3852967722387426,1.6357492734102592
CVC2-L2_C1_4_L1_4-int-dur-rate,3.872887944764872,5.325882046108302,1.956175824420083,1.4511015495823723,1.3947184161762092,1.2801621155067224
CVC2-L2_C1_4_L1_4-dur,2.6875654374996825,5.112866850032413,1.056747580685691,1.4511015495823727,1.3947184161762092,1.2801621155067227
CVC2-L2_C1_4_L1_4-dur-rate,3.872887944764872,5.150643956997264,0.9617075827697417,1.4511015495823723,1.3947184161762092,1.2801621155067224
CVC2-L2_C1_4_L1_4-rate,3.872887944764872,5.253040235046662,1.076260431391221,1.2210350949671334,1.3852967722387426,1.6357492734102592
CVC2-L2_B1_5_B1_4-int-dur-rate,3.2626364062436357,6.192725705996728,1.3660780267504802,1.342992805108047,1.2923408297977983,1.235698808625765
CVC2-L2_B1_5_L1_4-int,3.0011342458434513,6.382323926821572,2.1172236994992892,1.2846910044701965,1.5002089142926252,1.3685314343502883
CVC2-L2_B1_5_L1_4-int-dur,3.0011342458434513,6.215321590549314,2.2795777857128776,1.4511015495823718,1.3947184161762092,1.280162115506722
CVC2-L2_B1_5_L1_4-int-rate,3.872887944764872,6.606849346329699,2.12656811845311,1.2846910044701967,1.5002089142926247,1.3685314343502883
CVC2-L2_B1_5_L1_4-int-dur-rate,3.872887944764872,6.268075256700898,2.2525314428342944,1.4511015495823723,1.3947184161762092,1.2801621155067224
CVC2-L2_B1_5_L1_4-dur,3.0011342458434513,6.124788614560694,1.739515366408484,1.4511015495823718,1.3947184161762092,1.280162115506722
CVC2-L2_B1_5_L1_4-dur-rate,3.872887944764872,6.1233970446154045,1.7303828319534156,1.4511015495823723,1.3947184161762092,1.2801621155067224
CVC2-L2_B1_5_L1_4-rate,3.872887944764872,6.101788897930241,1.6375149278543244,1.2846910044701967,1.5002089142926247,1.3685314343502883
CVC2-L2_C1_5_C1_4-int-dur-rate,2.6875654374996825,5.638669317971202,1.1962044842047834,1.2210350949671331,1.3852967722387421,1.635749273410259
CVC2-L2_C1_5_L1_4-int,3.652418506470751,5.703773092978599,1.9513418202073163,1.1542097727315301,1.1209324693968747,1.0852424573182444
CVC2-L2_C1_5_L1_4-int-dur,3.65241850647075,5.452331713608106,2.2232041496872688,1.451101549582373,1.3947184161762083,1.2801621155067224
CVC2-L2_C1_5_L1_4-int-rate,3.872887944764872,5.769890019729031,1.9112127500200107,1.154209772731531,1.120932469396874,1.0852424573182442
CVC2-L2_C1_5_L1_4-int-dur-rate,3.872887944764872,5.449233962568337,2.1920240157261928,1.4511015495823723,1.3947184161762092,1.2801621155067224
CVC2-L2_C1_5_L1_4-dur,3.65241850647075,5.3169234971340735,1.8307476525480884,1.451101549582373,1.3947184161762083,1.2801621155067224
CVC2-L2_C1_5_L1_4-dur-rate,3.872887944764872,5.299220136185018,1.8087405672929935,1.4511015495823723,1.3947184161762092,1.2801621155067224
CVC2-L2_C1_5_L1_4-rate,3.872887944764872,5.552910785527567,1.6078705667457798,1.154209772731531,1.120932469396874,1.0852424573182442
CVC2-L1_4,3.872887944764872,4.878235253180725,1.7616555989049263,1.4511015495823723,1.3947184161762092,1.2801621155067224
CVC5-L2_B1_4_B1_5-int-dur-rate,3.016393394362387,5.958348058786996,1.2698908700642717,1.330671265728157,1.468942246419461,1.452135061234071
CVC5-L2_B1_4_L1_4-int,4.2291553768632095,6.641114741145271,2.4183219567109036,1.7013273190067932,1.4594640777625087,1.4594640777625087
CVC5-L2_B1_4_L1_4-int-dur,4.2291553768632095,6.641114741145271,2.4183219567109036,2.0642853467514883,1.811259481224518,1.811259481224518
CVC5-L2_B1_4_L1_4-int-rate,5.392812459553907,6.7603186246498606,2.400163913900971,1.7013273190067923,1.4594640777625085,1.4594640777625085
CVC5-L2_B1_4_L1_4-int-dur-rate,5.392812459553907,6.7603186246498606,2.400163913900971,2.064285346751489,1.8112594812245186,1.8112594812245186
CVC5-L2_B1_4_L1_4-dur,4.2291553768632095,6.193727596994285,1.2498578786019416,2.0642853467514883,1.811259481224518,1.811259481224518
CVC5-L2_B1_4_L1_4-dur-rate,5.392812459553907,6.323035477542242,1.2037224515610978,2.064285346751489,1.8112594812245186,1.8112594812245186
CVC5-L2_B1_4_L1_4-rate,5.392812459553907,6.323035477542242,1.2037224515610978,1.7013273190067923,1.4594640777625085,1.4594640777625085
CVC5-L2_C1_4_C1_5-int-dur-rate,3.9273198393806594,5.40806151110623,1.5642452902035868,1.7816193531027584,1.473625018981738,1.473625018981738
CVC5-L2_C1_4_L1_4-int,3.2644925210270563,5.781529302856063,2.18476130523549,1.4505470188038125,1.5206213972484783,1.5206213972484783
CVC5-L2_C1_4_L1_4-int-dur,3.2644925210270563,5.766143981386513,2.1770789980682874,2.0642853467514883,1.8112594812245195,1.8112594812245195
CVC5-L2_C1_4_L1_4-int-rate,5.392812459553907,5.993528076902434,2.2540048871648075,1.4505470188038119,1.5206213972484772,1.5206213972484772
CVC5-L2_C1_4_L1_4-int-dur-rate,5.392812459553907,5.999310551768467,2.251065627790617,2.064285346751489,1.8112594812245186,1.8112594812245186
CVC5-L2_C1_4_L1_4-dur,3.2644925210270563,5.273360599185846,1.0404540140074452,2.0642853467514883,1.8112594812245195,1.8112594812245195
CVC5-L2_C1_4_L1_4-dur-rate,5.392812459553907,5.358282484005216,1.0891889396784844,2.064285346751489,1.8112594812245186,1.8112594812245186
CVC5-L2_C1_4_L1_4-rate,5.392812459553907,5.358282484005216,1.0891889396784844,1.4505470188038119,1.5206213972484772,1.5206213972484772
CVC5-L2_B1_5_B1_4-int-dur-rate,4.2291553768632095,6.248470399064896,1.2306695812580202,1.7013273190067932,1.4594640777625087,1.4594640777625087
CVC5-L2_B1_5_L1_4-int,3.016393394362387,6.557280194456643,2.3946495463985795,1.330671265728157,1.468942246419461,1.452135061234071
CVC5-L2_B1_5_L1_4-int-dur,3.016393394362387,6.428306735043283,2.203205444046347,2.064285346751489,1.8112594812245184,1.8112594812245184
CVC5-L2_B1_5_L1_4-int-rate,5.392812459553907,6.6266850737367555,2.561721521610295,1.3306712657281559,1.4689422464194615,1.4521350612340709
CVC5-L2_B1_5_L1_4-int-dur-rate,5.392812459553907,6.683052939218987,2.543957929212263,2.064285346751489,1.8112594812245186,1.8112594812245186
CVC5-L2_B1_5_L1_4-dur,3.016393394362387,5.858580122270608,1.2727995798091511,2.064285346751489,1.8112594812245184,1.8112594812245184
CVC5-L2_B1_5_L1_4-dur-rate,5.392812459553907,6.007139904331534,1.3225837999210808,2.064285346751489,1.8112594812245186,1.8112594812245186
CVC5-L2_B1_5_L1_4-rate,5.392812459553907,6.016117413109836,1.3402899537725688,1.3306712657281559,1.4689422464194615,1.4521350612340709
CVC5-L2_C1_5_C1_4-int-dur-rate,3.2644925210270563,5.49473831313729,1.0773145235052717,1.4505470188038125,1.5206213972484783,1.5206213972484783
CVC5-L2_C1_5_L1_4-int,3.9273198393806594,5.994800827272029,2.240838443056673,1.7816193531027584,1.473625018981738,1.473625018981738
CVC5-L2_C1_5_L1_4-int-dur,3.927319839380659,5.979415505802479,2.2329877219984606,2.0642853467514892,1.8112594812245189,1.8112594812245189
CVC5-L2_C1_5_L1_4-int-rate,5.392812459553907,6.213040650023496,2.256575912141379,1.7816193531027584,1.4736250189817375,1.4736250189817375
CVC5-L2_C1_5_L1_4-int-dur-rate,5.392812459553907,6.213040650023496,2.256575912141379,2.064285346751489,1.8112594812245186,1.8112594812245186
CVC5-L2_C1_5_L1_4-dur,3.927319839380659,5.464545002786888,1.6506124715991315,2.0642853467514892,1.8112594812245189,1.8112594812245189
CVC5-L2_C1_5_L1_4-dur-rate,5.392812459553907,5.679861849987549,1.7711540598148943,2.064285346751489,1.8112594812245186,1.8112594812245186
CVC5-L2_C1_5_L1_4-rate,5.392812459553907,5.679944268170874,1.778724590534009,1.7816193531027584,1.4736250189817375,1.4736250189817375
CVC5-L1_4,5.392812459553907,4.572360645533054,1.8857101653172101,2.064285346751489,1.8112594812245186,1.8112594812245186
M5-L2_B1_4_B1_5-int-dur-rate,3.1435966768280004,5.806223286444005,1.3219562258989024,1.7340468389077217,2.096606415500039,1.931658770624562
M5-L2_B1_4_L1_4-int,3.307992046760121,6.397258949617848,2.331911180058529,1.3754863939674271,1.863503774296555,1.6919254507294141
M5-L2_B1_4_L1_4-int-dur,3.307992046760121,6.397258949617848,2.331911180058529,1.4791094903468092,2.1640182386473317,2.030868187357612
M5-L2_B1_4_L1_4-int-rate,5.776173285198556,6.711128519890804,2.20442000246292,1.375486393967427,1.8635037742965552,1.6919254507294141
M5-L2_B1_4_L1_4-int-dur-rate,5.776173285198556,6.711128519890804,2.20442000246292,1.479109490346809,2.1640182386473317,2.0308681873576124
M5-L2_B1_4_L1_4-dur,3.307992046760121,6.002216687332285,1.0737103291624193,1.4791094903468092,2.1640182386473317,2.030868187357612
M5-L2_B1_4_L1_4-dur-rate,5.776173285198556,6.137739904366551,0.9719219831001081,1.479109490346809,2.1640182386473317,2.0308681873576124
M5-L2_B1_4_L1_4-rate,5.776173285198556,6.13246079167367,0.97204540593072,1.375486393967427,1.8635037742965552,1.6919254507294141
M5-L2_C1_4_C1_5-int-dur-rate,4.250495054311506,5.16341868979511,1.3332419061589098,1.450902008503653,1.889297149886615,1.9839313579078093
M5-L2_C1_4_L1_4-int,3.4949927675493417,5.330586876031477,2.0539108384798666,1.313955400444096,1.4430498263030156,1.5591124699450112
M5-L2_C1_4_L1_4-int-dur,3.4949927675493417,5.330586876031477,2.0539108384798666,1.479109490346809,2.164018238647332,2.0308681873576124
M5-L2_C1_4_L1_4-int-rate,5.776173285198556,5.688989654906447,1.8679428974171712,1.3139554004440965,1.4430498263030156,1.5591124699450116
M5-L2_C1_4_L1_4-int-dur-rate,5.776173285198556,5.674953537216919,1.8699640495507142,1.479109490346809,2.1640182386473317,2.0308681873576124
M5-L2_C1_4_L1_4-dur,3.4949927675493417,4.998797092620597,0.6032214098787735,1.479109490346809,2.164018238647332,2.0308681873576124
M5-L2_C1_4_L1_4-dur-rate,5.776173285198556,5.0293088430651025,0.6553873868645614,1.479109490346809,2.1640182386473317,2.0308681873576124
M5-L2_C1_4_L1_4-rate,5.776173285198556,5.0358429995699705,0.6510263975915401,1.3139554004440965,1.4430498263030156,1.5591124699450116
M5-L2_B1_5_B1_4-int-dur-rate,3.307992046760121,5.863163281669547,1.0422256732093778,1.3754863939674271,1.863503774296555,1.6919254507294141
M5-L2_B1_5_L1_4-int,3.1435966768280004,6.230745077085269,2.2865070052111824,1.7340468389077217,2.096606415500039,1.931658770624562
M5-L2_B1_5_L1_4-int-dur,3.143596676828001,6.230745077085269,2.2865070052111824,1.4791094903468083,2.1640182386473317,2.030868187357612
M5-L2_B1_5_L1_4-int-rate,5.7761732851985546,6.500405721487032,2.246644243551109,1.7340468389077224,2.09660641550004,1.9316587706245627
M5-L2_B1_5_L1_4-int-dur-rate,5.776173285198556,6.49084833378203,2.2461744467658065,1.479109490346809,2.1640182386473317,2.0308681873576124
M5-L2_B1_5_L1_4-dur,3.143596676828001,5.628396062644008,1.2901709718315653,1.4791094903468083,2.1640182386473317,2.030868187357612
M5-L2_B1_5_L1_4-dur-rate,5.776173285198556,5.777446569101585,1.3516776489677031,1.479109490346809,2.1640182386473317,2.0308681873576124
M5-L2_B1_5_L1_4-rate,5.7761732851985546,5.779613184267325,1.3550421354137303,1.7340468389077224,2.09660641550004,1.9316587706245627
M5-L2_C1_5_C1_4-int-dur-rate,3.4949927675493417,5.34731596393944,0.6470434850194902,1.313955400444096,1.4430498263030156,1.5591124699450112
M5-L2_C1_5_L1_4-int,4.250495054311506,5.674036825547115,2.140137090539571,1.450902008503653,1.889297149886615,1.9839313579078093
M5-L2_C1_5_L1_4-int-dur,4.250495054311506,5.674036825547115,2.140137090539571,1.479109490346809,2.1640182386473312,2.030868187357612
M5-L2_C1_5_L1_4-int-rate,5.776173285198556,5.959182020498071,1.954480283717623,1.4509020085036535,1.8892971498866147,1.9839313579078088
M5-L2_C1_5_L1_4-int-dur-rate,5.776173285198556,6.018403486732558,1.9494613570043058,1.479109490346809,2.1640182386473317,2.0308681873576124
M5-L2_C1_5_L1_4-dur,4.250495054311506,5.423144775855478,1.4483706858209318,1.479109490346809,2.1640182386473312,2.030868187357612
M5-L2_C1_5_L1_4-dur-rate,5.776173285198556,5.511014754317813,1.4560157144858918,1.479109490346809,2.1640182386473317,2.0308681873576124
M5-L2_C1_5_L1_4-rate,5.776173285198556,5.515917591857559,1.4244399801018488,1.4509020085036535,1.8892971498866147,1.9839313579078088
M5-L1_4,5.776173285198556,4.97377198232849,1.964025643217211,1.479109490346809,2.1640182386473317,2.0308681873576124
M7-L2_B1_4_B1_5-int-dur-rate,3.839933476386756,5.791399582534073,1.143809869243677,1.7060056567485,1.3926981958329612,1.370147252733563
M7-L2_B1_4_L1_4-int,4.147312820268542,6.088597029496744,2.3003436938470476,1.5419752131296172,1.2829466729287717,1.2848409085644272
M7-L2_B1_4_L1_4-int-dur,4.147312820268543,6.088597029496744,2.3003436938470476,1.4812420047372337,1.0017603829305557,1.312803836907815
M7-L2_B1_4_L1_4-int-rate,5.812371878514271,6.369912486740776,2.080023906985454,1.5419752131296172,1.2829466729287722,1.2848409085644275
M7-L2_B1_4_L1_4-int-dur-rate,5.812371878514271,6.369912486740776,2.080023906985454,1.4812420047372339,1.001760382930556,1.312803836907815
M7-L2_B1_4_L1_4-dur,4.147312820268543,6.00483209001848,1.5111500182255502,1.4812420047372337,1.0017603829305557,1.312803836907815
M7-L2_B1_4_L1_4-dur-rate,5.812371878514271,6.1914705732933335,1.0211248712720173,1.4812420047372339,1.001760382930556,1.312803836907815
M7-L2_B1_4_L1_4-rate,5.812371878514271,6.1914705732933335,1.0211248712720173,1.5419752131296172,1.2829466729287722,1.2848409085644275
M7-L2_C1_4_C1_5-int-dur-rate,4.57119636806507,5.951587272743405,1.3522161189110549,1.3872765813345447,1.0304764218252533,1.1843679184466358
M7-L2_C1_4_L1_4-int,5.312944249915753,6.0741750443238125,2.296426736838762,1.2340562640021957,1.033877310074862,1.1382148021585738
M7-L2_C1_4_L1_4-int-dur,5.312944249915753,6.0741750443238125,2.296426736838762,1.4812420047372343,1.0017603829305564,1.312803836907816
M7-L2_C1_4_L1_4-int-rate,5.812371878514271,6.187955113683547,2.1634102119652856,1.2340562640021948,1.0338773100748626,1.1382148021585743
M7-L2_C1_4_L1_4-int-dur-rate,5.812371878514271,6.258107160972059,2.0862859903472843,1.4812420047372339,1.001760382930556,1.312803836907815
M7-L2_C1_4_L1_4-dur,5.312944249915753,5.99176908990991,1.4293290558086256,1.4812420047372343,1.0017603829305564,1.312803836907816
M7-L2_C1_4_L1_4-dur-rate,5.812371878514271,6.217563433778297,0.9089935202577935,1.4812420047372339,1.001760382930556,1.312803836907815
M7-L2_C1_4_L1_4-rate,5.812371878514271,6.15088987613289,1.1048496094680038,1.2340562640021948,1.0338773100748626,1.1382148021585743
M7-L2_B1_5_B1_4-int-dur-rate,4.147312820268542,6.332098253301899,1.1359215548708583,1.5419752131296172,1.2829466729287717,1.2848409085644272
M7-L2_B1_5_L1_4-int,3.839933476386756,6.228050217162224,2.3385122143027095,1.7060056567485,1.3926981958329612,1.370147252733563
M7-L2_B1_5_L1_4-int-dur,3.839933476386756,6.228050217162224,2.3385122143027095,1.4812420047372339,1.001760382930555,1.312803836907814
M7-L2_B1_5_L1_4-int-rate,5.812371878514271,6.925269774112854,1.655939854631111,1.7060056567485005,1.3926981958329603,1.3701472527335623
M7-L2_B1_5_L1_4-int-dur-rate,5.812371878514271,6.925269774112854,1.655939854631111,1.4812420047372339,1.001760382930556,1.312803836907815
M7-L2_B1_5_L1_4-dur,3.839933476386756,6.096981082420004,1.069272745364887,1.4812420047372339,1.001760382930555,1.312803836907814
M7-L2_B1_5_L1_4-dur-rate,5.812371878514271,6.219712632836221,0.8906676606232913,1.4812420047372339,1.001760382930556,1.312803836907815
M7-L2_B1_5_L1_4-rate,5.812371878514271,6.227135659385672,0.8956556476705674,1.7060056567485005,1.3926981958329603,1.3701472527335623
M7-L2_C1_5_C1_4-int-dur-rate,5.312944249915753,5.410724233803858,0.7998065943375587,1.2340562640021957,1.033877310074862,1.1382148021585738
M7-L2_C1_5_L1_4-int,4.57119636806507,5.247496088140544,2.0812191053233042,1.3872765813345447,1.0304764218252533,1.1843679184466358
M7-L2_C1_5_L1_4-int-dur,4.57119636806507,5.247496088140544,2.0812191053233042,1.4812420047372334,1.0017603829305557,1.3128038369078145
M7-L2_C1_5_L1_4-int-rate,5.812371878514271,5.462909021615643,1.8872984157341932,1.387276581334545,1.0304764218252533,1.184367918446636
M7-L2_C1_5_L1_4-int-dur-rate,5.812371878514271,5.469999341340441,1.886627026603877,1.4812420047372339,1.001760382930556,1.312803836907815
M7-L2_C1_5_L1_4-dur,4.57119636806507,5.179997649564373,1.167503991903316,1.4812420047372334,1.0017603829305557,1.3128038369078145
M7-L2_C1_5_L1_4-dur-rate,5.812371878514271,5.39571585328485,1.0116689780157198,1.4812420047372339,1.001760382930556,1.312803836907815
M7-L2_C1_5_L1_4-rate,5.812371878514271,5.39571585328485,1.0116689780157198,1.387276581334545,1.0304764218252533,1.184367918446636
M7-L1_4,5.812371878514271,5.604521452794108,2.168293569962284,1.4812420047372339,1.001760382930556,1.312803836907815
M8-L2_B1_4_B1_5-int-dur-rate,3.41128328852826,6.047300062135494,1.1417733972318347,1.8349911340932283,2.0781401912697235,1.9785702196513029
M8-L2_B1_4_L1_4-int,4.01816764518652,6.53464351031235,1.6405375950947783,1.6331720895485815,1.448253931747938,1.6855751627610385
M8-L2_B1_4_L1_4-int-dur,4.01816764518652,6.55047224835271,1.6236515870681087,1.4351403648547605,1.3440262309254618,1.8394259413203544
M8-L2_B1_4_L1_4-int-rate,4.873286542699345,6.677696392747457,1.5361679602507523,1.6331720895485813,1.4482539317479384,1.685575162761039
M8-L2_B1_4_L1_4-int-dur-rate,4.873286542699345,6.727437709440073,1.504923084774523,1.4351403648547605,1.3440262309254618,1.8394259413203544
M8-L2_B1_4_L1_4-dur,4.01816764518652,6.236956320262635,1.2108764284582065,1.4351403648547605,1.3440262309254618,1.8394259413203544
M8-L2_B1_4_L1_4-dur-rate,4.873286542699345,6.332262494590907,1.2324229020042394,1.4351403648547605,1.3440262309254618,1.8394259413203544
M8-L2_B1_4_L1_4-rate,4.873286542699345,6.314964658395123,1.2259869266349275,1.6331720895485813,1.4482539317479384,1.685575162761039
M8-L2_C1_4_C1_5-int-dur-rate,3.8450437892110894,5.643005330616428,1.7886909967746352,1.8744138859189334,1.129170432886866,2.0373619714166806
M8-L2_C1_4_L1_4-int,4.3038981711769875,5.91503186915979,1.519305387983543,1.9095138852866766,2.0584746498578834,1.9729363593608624
M8-L2_C1_4_L1_4-int-dur,4.3038981711769875,5.930860607200152,1.5035419728290964,1.4351403648547607,1.3440262309254611,1.8394259413203538
M8-L2_C1_4_L1_4-int-rate,4.873286542699345,6.016772396750934,1.4012420626332722,1.909513885286678,2.058474649857883,1.9729363593608626
M8-L2_C1_4_L1_4-int-dur-rate,4.873286542699345,6.047255142139929,1.4282359588748592,1.4351403648547605,1.3440262309254618,1.8394259413203544
M8-L2_C1_4_L1_4-dur,4.3038981711769875,5.678466461668366,1.137363724320116,1.4351403648547607,1.3440262309254611,1.8394259413203538
M8-L2_C1_4_L1_4-dur-rate,4.873286542699345,5.666549518957714,1.1901291537107797,1.4351403648547605,1.3440262309254618,1.8394259413203544
M8-L2_C1_4_L1_4-rate,4.873286542699345,5.682813587937412,1.1577367300001835,1.909513885286678,2.058474649857883,1.9729363593608626
M8-L2_B1_5_B1_4-int-dur-rate,4.01816764518652,6.201993062546331,1.1890744145274312,1.6331720895485815,1.448253931747938,1.6855751627610385
M8-L2_B1_5_L1_4-int,3.41128328852826,6.441802763294433,1.6218387566785333,1.8349911340932283,2.0781401912697235,1.9785702196513029
M8-L2_B1_5_L1_4-int-dur,3.411283288528259,6.441802763294433,1.6218387566785333,1.435140364854761,1.3440262309254616,1.8394259413203549
M8-L2_B1_5_L1_4-int-rate,4.873286542699345,6.630303719590085,1.630557468530209,1.83499113409323,2.0781401912697266,1.9785702196513058
M8-L2_B1_5_L1_4-int-dur-rate,4.873286542699345,6.630303719590085,1.630557468530209,1.4351403648547605,1.3440262309254618,1.8394259413203544
M8-L2_B1_5_L1_4-dur,3.411283288528259,5.94253514032205,1.1244952014129381,1.435140364854761,1.3440262309254616,1.8394259413203549
M8-L2_B1_5_L1_4-dur-rate,4.873286542699345,6.014412018536084,1.116013935317774,1.4351403648547605,1.3440262309254618,1.8394259413203544
M8-L2_B1_5_L1_4-rate,4.873286542699345,6.014412018536084,1.116013935317774,1.83499113409323,2.0781401912697266,1.9785702196513058
M8-L2_C1_5_C1_4-int-dur-rate,4.3038981711769875,6.039363503939938,1.2270819377311522,1.9095138852866766,2.0584746498578834,1.9729363593608624
M8-L2_C1_5_L1_4-int,3.8450437892110894,6.259635236664474,1.5857008389838143,1.8744138859189334,1.129170432886866,2.0373619714166806
M8-L2_C1_5_L1_4-int-dur,3.8450437892110894,6.259635236664474,1.5857008389838143,1.4351403648547614,1.3440262309254616,1.8394259413203555
M8-L2_C1_5_L1_4-int-rate,4.873286542699344,6.393192230296601,1.4959668577168015,1.8744138859189339,1.1291704328868657,2.0373619714166797
M8-L2_C1_5_L1_4-int-dur-rate,4.873286542699345,6.411634394486617,1.4748126378750421,1.4351403648547605,1.3440262309254618,1.8394259413203544
M8-L2_C1_5_L1_4-dur,3.8450437892110894,5.99381223754719,1.8467234408500874,1.4351403648547614,1.3440262309254616,1.8394259413203555
M8-L2_C1_5_L1_4-dur-rate,4.873286542699345,6.213661191243384,1.7696480147453315,1.4351403648547605,1.3440262309254618,1.8394259413203544
M8-L2_C1_5_L1_4-rate,4.873286542699344,6.201605256484734,1.773647471211754,1.8744138859189339,1.1291704328868657,2.0373619714166797
M8-L1_4,4.873286542699345,4.4998055645099555,1.2698451898148093,1.4351403648547605,1.3440262309254618,1.8394259413203544
M10-L2_B1_4_B1_5-int-dur-rate,4.019434200798165,6.206029496822526,0.8005817331984598,1.3441530466027274,1.4331749658135375,1.3713051639938543
M10-L2_B1_4_L1_4-int,3.792464417647416,6.47702094763785,2.1503126260880596,1.8482128159280757,1.3377551387350737,1.4429216061377503
M10-L2_B1_4_L1_4-int-dur,3.792464417647416,6.3854693755370535,2.1504869355194427,1.5883351761563762,1.5734455816740383,1.4936656340038612
M10-L2_B1_4_L1_4-int-rate,4.8015031351581685,6.709675042999762,2.0380550447755286,1.8482128159280755,1.337755138735074,1.4429216061377506
M10-L2_B1_4_L1_4-int-dur-rate,4.8015031351581685,6.651497065993212,2.0884710719840895,1.588335176156377,1.5734455816740391,1.493665634003862
M10-L2_B1_4_L1_4-dur,3.792464417647416,6.237307761817291,1.3575635484049842,1.5883351761563762,1.5734455816740383,1.4936656340038612
M10-L2_B1_4_L1_4-dur-rate,4.8015031351581685,6.279433441500948,1.3089181052732062,1.588335176156377,1.5734455816740391,1.493665634003862
M10-L2_B1_4_L1_4-rate,4.8015031351581685,6.312638768548398,1.3175718615869567,1.8482128159280755,1.337755138735074,1.4429216061377506
M10-L2_C1_4_C1_5-int-dur-rate,3.8766028706503213,5.556881311053543,1.1546514416862217,1.295010873717266,1.3766729978283694,1.2945228171486476
M10-L2_C1_4_L1_4-int,3.9138575613378053,5.800073293738768,1.9825607639995262,1.6433256246929395,1.6852819403008372,1.5891084172649423
M10-L2_C1_4_L1_4-int-dur,3.9138575613378053,5.672149976756089,1.9751042980028304,1.588335176156378,1.5734455816740391,1.4936656340038623
M10-L2_C1_4_L1_4-int-rate,4.8015031351581685,5.906521604215836,1.9499800718249063,1.643325624692939,1.6852819403008368,1.589108417264942
M10-L2_C1_4_L1_4-int-dur-rate,4.8015031351581685,5.764371811352273,1.9762129854635957,1.588335176156377,1.5734455816740391,1.493665634003862
M10-L2_C1_4_L1_4-dur,3.9138575613378053,5.555803318730533,1.193252762993349,1.588335176156378,1.5734455816740391,1.4936656340038623
M10-L2_C1_4_L1_4-dur-rate,4.8015031351581685,5.612269453245492,1.0650751153281617,1.588335176156377,1.5734455816740391,1.493665634003862
M10-L2_C1_4_L1_4-rate,4.8015031351581685,5.594457405938192,1.052617186056353,1.643325624692939,1.6852819403008368,1.589108417264942
M10-L2_B1_5_B1_4-int-dur-rate,3.792464417647416,5.738954092959486,1.2956632855106012,1.8482128159280757,1.3377551387350737,1.4429216061377503
M10-L2_B1_5_L1_4-int,4.019434200798165,5.9381354811146645,2.015821940515069,1.3441530466027274,1.4331749658135375,1.3713051639938543
M10-L2_B1_5_L1_4-int-dur,4.019434200798165,5.656710487143316,1.8807886049573608,1.5883351761563769,1.5734455816740383,1.4936656340038617
M10-L2_B1_5_L1_4-int-rate,4.8015031351581685,6.058130658733455,1.9736158429651527,1.3441530466027263,1.433174965813537,1.3713051639938536
M10-L2_B1_5_L1_4-int-dur-rate,4.8015031351581685,5.783488713535471,1.914984103127872,1.588335176156377,1.5734455816740391,1.493665634003862
M10-L2_B1_5_L1_4-dur,4.019434200798165,5.639275045222093,0.7757699985648795,1.5883351761563769,1.5734455816740383,1.4936656340038617
M10-L2_B1_5_L1_4-dur-rate,4.8015031351581685,5.652656693158396,0.7668730376727865,1.588335176156377,1.5734455816740391,1.493665634003862
M10-L2_B1_5_L1_4-rate,4.8015031351581685,5.658908663930173,0.7460601458073209,1.3441530466027263,1.433174965813537,1.3713051639938536
M10-L2_C1_5_C1_4-int-dur-rate,3.9138575613378053,5.307602029139765,1.1157516142486628,1.6433256246929395,1.6852819403008372,1.5891084172649423
M10-L2_C1_5_L1_4-int,3.8766028706503213,5.5560056454976765,1.9249283782950444,1.295010873717266,1.3766729978283694,1.2945228171486476
M10-L2_C1_5_L1_4-int-dur,3.8766028706503213,5.469592963949227,1.9244194313327794,1.5883351761563784,1.573445581674039,1.4936656340038628
M10-L2_C1_5_L1_4-int-rate,4.8015031351581685,5.722680195110574,1.854663894112051,1.2950108737172676,1.3766729978283696,1.294522817148648
M10-L2_C1_5_L1_4-int-dur-rate,4.8015031351581685,5.603897348658572,1.91177325366312,1.588335176156377,1.5734455816740391,1.493665634003862
M10-L2_C1_5_L1_4-dur,3.8766028706503213,5.284937074910092,1.1279734947924933,1.5883351761563784,1.573445581674039,1.4936656340038628
M10-L2_C1_5_L1_4-dur-rate,4.8015031351581685,5.407583323235956,1.0108432704845913,1.588335176156377,1.5734455816740391,1.493665634003862
M10-L2_C1_5_L1_4-rate,4.8015031351581685,5.442247251200625,0.9934642837819846,1.2950108737172676,1.3766729978283696,1.294522817148648
M10-L1_4,4.8015031351581685,5.383736129053133,1.8818503369474116,1.588335176156377,1.5734455816740391,1.493665634003862
M12-L2_B1_4_B1_5-int-dur-rate,3.6606059925314605,6.1994568762897915,1.5348612227801897,1.4880588097471288,1.6946355887014093,1.7081125944002276
M12-L2_B1_4_L1_4-int,4.514978472370825,6.292980185158816,1.8658708736858551,0.9371802527462995,1.813243794677993,1.7472635449193985
M12-L2_B1_4_L1_4-int-dur,4.514978472370826,6.30450739036876,1.8588946321511415,0.9923553574228896,1.8361103755979276,1.8141109015029897
M12-L2_B1_4_L1_4-int-rate,5.480585350914736,6.468875412680798,1.8499304340208973,0.937180252746299,1.8132437946779925,1.7472635449193976
M12-L2_B1_4_L1_4-int-dur-rate,5.480585350914736,6.494233685200258,1.8379843945694339,0.9923553574228905,1.8361103755979271,1.8141109015029897
M12-L2_B1_4_L1_4-dur,4.514978472370826,6.299864881127656,1.1063924330957229,0.9923553574228896,1.8361103755979276,1.8141109015029897
M12-L2_B1_4_L1_4-dur-rate,5.480585350914736,6.3985227492865295,1.006010331106024,0.9923553574228905,1.8361103755979271,1.8141109015029897
M12-L2_B1_4_L1_4-rate,5.480585350914736,6.3521397981517245,1.0478259078852763,0.937180252746299,1.8132437946779925,1.7472635449193976
M12-L2_C1_4_C1_5-int-dur-rate,4.370179948586118,5.479446181820188,1.384856310286044,1.187805057900144,1.5259860092397939,1.580561569123849
M12-L2_C1_4_L1_4-int,3.4144706136847174,5.453785305063181,1.6838457492250871,1.496689715412775,1.8387521817611825,1.9548025829318876
M12-L2_C1_4_L1_4-int-dur,3.4144706136847165,5.453785305063181,1.6838457492250871,0.992355357422891,1.8361103755979271,1.8141109015029901
M12-L2_C1_4_L1_4-int-rate,5.480585350914736,5.637255154765336,1.6982077139556826,1.4966897154127747,1.838752181761182,1.9548025829318874
M12-L2_C1_4_L1_4-int-dur-rate,5.480585350914736,5.634728891401287,1.7019518395611954,0.9923553574228905,1.8361103755979271,1.8141109015029897
M12-L2_C1_4_L1_4-dur,3.4144706136847165,5.296514516063345,1.3017874297974326,0.992355357422891,1.8361103755979271,1.8141109015029901
M12-L2_C1_4_L1_4-dur-rate,5.480585350914736,5.389851696476721,1.16354839850258,0.9923553574228905,1.8361103755979271,1.8141109015029897
M12-L2_C1_4_L1_4-rate,5.480585350914736,5.40292119952579,1.169279259860355,1.4966897154127747,1.838752181761182,1.9548025829318874
M12-L2_B1_5_B1_4-int-dur-rate,4.514978472370825,6.291411122308362,1.018102251976044,0.9371802527462995,1.813243794677993,1.7472635449193985
M12-L2_B1_5_L1_4-int,3.6606059925314605,6.270659813524175,1.860813813444793,1.4880588097471288,1.6946355887014093,1.7081125944002276
M12-L2_B1_5_L1_4-int-dur,3.6606059925314605,6.273356478143131,1.883043949619405,0.9923553574228905,1.8361103755979271,1.8141109015029897
M12-L2_B1_5_L1_4-int-rate,5.480585350914736,6.484859625424,1.921828770372848,1.4880588097471272,1.6946355887014106,1.7081125944002278
M12-L2_B1_5_L1_4-int-dur-rate,5.480585350914736,6.463438972056019,1.908493380904083,0.9923553574228905,1.8361103755979271,1.8141109015029897
M12-L2_B1_5_L1_4-dur,3.6606059925314605,6.169810913352918,1.549350921307201,0.9923553574228905,1.8361103755979271,1.8141109015029897
M12-L2_B1_5_L1_4-dur-rate,5.480585350914736,6.424187284928379,1.4104123999969314,0.9923553574228905,1.8361103755979271,1.8141109015029897
M12-L2_B1_5_L1_4-rate,5.480585350914736,6.43279526455445,1.4270314041455316,1.4880588097471272,1.6946355887014106,1.7081125944002278
M12-L2_C1_5_C1_4-int-dur-rate,3.4144706136847174,5.25726376192228,1.2977557444010954,1.496689715412775,1.8387521817611825,1.9548025829318876
M12-L2_C1_5_L1_4-int,4.370179948586118,5.403877214161084,1.6735336235735492,1.187805057900144,1.5259860092397939,1.580561569123849
M12-L2_C1_5_L1_4-int-dur,4.3701799485861175,5.415404419371027,1.6671966795252833,0.9923553574228913,1.8361103755979276,1.8141109015029908
M12-L2_C1_5_L1_4-int-rate,5.480585350914736,5.592463877020419,1.653547405406226,1.1878050579001445,1.5259860092397939,1.5805615691238493
M12-L2_C1_5_L1_4-int-dur-rate,5.480585350914736,5.597603807062632,1.6445485145470793,0.9923553574228905,1.8361103755979271,1.8141109015029897
M12-L2_C1_5_L1_4-dur,4.3701799485861175,5.300919113968875,1.3922644457229552,0.9923553574228913,1.8361103755979276,1.8141109015029908
M12-L2_C1_5_L1_4-dur-rate,5.480585350914736,5.4863343582930515,1.3838045363210616,0.9923553574228905,1.8361103755979271,1.8141109015029897
M12-L2_C1_5_L1_4-rate,5.480585350914736,5.47874157347604,1.3785110125411253,1.1878050579001445,1.5259860092397939,1.5805615691238493
M12-L1_4,5.480585350914736,4.694102705405827,1.5299905448775897,0.9923553574228905,1.8361103755979271,1.8141109015029897
M15-L2_B1_4_B1_5-int-dur-rate,3.534315815996394,5.979109593329816,1.245683262426651,1.7262072516935345,1.6375963693656816,1.9469964804161257
M15-L2_B1_4_L1_4-int,4.630515978129335,5.998114456503486,1.539059175109356,1.137679892934174,1.5586021701239314,1.5004628849721184
M15-L2_B1_4_L1_4-int-dur,4.630515978129335,6.017491413005244,1.5237895012146812,1.43579943496204,1.9244567132766284,2.0149043736057206
M15-L2_B1_4_L1_4-int-rate,5.404875017130039,6.072642282709655,1.5163485355882715,1.1376798929341743,1.5586021701239305,1.5004628849721178
M15-L2_B1_4_L1_4-int-dur-rate,5.404875017130039,6.1447730002241885,1.5041478565555069,1.4357994349620404,1.924456713276628,2.0149043736057206
M15-L2_B1_4_L1_4-dur,4.630515978129335,6.026438909822122,1.0428136803716428,1.43579943496204,1.9244567132766284,2.0149043736057206
M15-L2_B1_4_L1_4-dur-rate,5.404875017130039,6.109874941865671,1.0234745372913496,1.4357994349620404,1.924456713276628,2.0149043736057206
M15-L2_B1_4_L1_4-rate,5.404875017130039,6.067765383528695,1.0473951954830412,1.1376798929341743,1.5586021701239305,1.5004628849721178
M15-L2_C1_4_C1_5-int-dur-rate,4.558126369808438,5.520247218847035,1.2946270885368072,2.1184238427078936,1.6528128899625691,1.8401447453701973
M15-L2_C1_4_L1_4-int,4.15362244106876,5.3058655736693305,1.4117094982341951,1.8145285428280922,1.7478719960546885,1.8414183329226863
M15-L2_C1_4_L1_4-int-dur,4.15362244106876,5.3058655736693305,1.4117094982341951,1.4357994349620409,1.9244567132766277,2.014904373605721
M15-L2_C1_4_L1_4-int-rate,5.404875017130039,5.465015768018648,1.3674060328359832,1.8145285428280924,1.7478719960546891,1.8414183329226872
M15-L2_C1_4_L1_4-int-dur-rate,5.404875017130039,5.471319858042106,1.3611996028300974,1.4357994349620404,1.924456713276628,2.0149043736057206
M15-L2_C1_4_L1_4-dur,4.15362244106876,5.468837836268562,1.4219029991680625,1.4357994349620409,1.9244567132766277,2.014904373605721
M15-L2_C1_4_L1_4-dur-rate,5.404875017130039,5.607166256342088,1.4095032407476393,1.4357994349620404,1.924456713276628,2.0149043736057206
M15-L2_C1_4_L1_4-rate,5.404875017130039,5.607166256342088,1.4095032407476393,1.8145285428280924,1.7478719960546891,1.8414183329226872
M15-L2_B1_5_B1_4-int-dur-rate,4.630515978129335,6.126056516382108,0.9774973508736988,1.137679892934174,1.5586021701239314,1.5004628849721184
M15-L2_B1_5_L1_4-int,3.534315815996394,5.930433740381379,1.5261673159703533,1.7262072516935345,1.6375963693656816,1.9469964804161257
M15-L2_B1_5_L1_4-int-dur,3.534315815996394,5.919455258848444,1.5293853597387717,1.4357994349620404,1.9244567132766282,2.0149043736057206
M15-L2_B1_5_L1_4-int-rate,5.404875017130039,6.279275009015694,1.3961426767413028,1.7262072516935347,1.6375963693656803,1.9469964804161233
M15-L2_B1_5_L1_4-int-dur-rate,5.404875017130039,6.255664300402266,1.4109963632281395,1.4357994349620404,1.924456713276628,2.0149043736057206
M15-L2_B1_5_L1_4-dur,3.534315815996394,5.900034436954026,1.2422233885749054,1.4357994349620404,1.9244567132766282,2.0149043736057206
M15-L2_B1_5_L1_4-dur-rate,5.404875017130039,6.035551508499167,1.108529942420926,1.4357994349620404,1.924456713276628,2.0149043736057206
M15-L2_B1_5_L1_4-rate,5.404875017130039,6.048815441414016,1.1106179510134673,1.7262072516935347,1.6375963693656803,1.9469964804161233
M15-L2_C1_5_C1_4-int-dur-rate,4.15362244106876,5.697026692590973,1.453622260689994,1.8145285428280922,1.7478719960546885,1.8414183329226863
M15-L2_C1_5_L1_4-int,4.558126369808438,5.542269285122574,1.4540879620835552,2.1184238427078936,1.6528128899625691,1.8401447453701973
M15-L2_C1_5_L1_4-int-dur,4.558126369808438,5.542269285122574,1.4540879620835552,1.4357994349620415,1.924456713276627,2.01490437360572
M15-L2_C1_5_L1_4-int-rate,5.404875017130039,5.634776685729287,1.4425900158236995,2.1184238427078945,1.652812889962569,1.8401447453701976
M15-L2_C1_5_L1_4-int-dur-rate,5.404875017130039,5.638120934774759,1.4430127707753693,1.4357994349620404,1.924456713276628,2.0149043736057206
M15-L2_C1_5_L1_4-dur,4.558126369808438,5.667412923665166,1.4406981284237899,1.4357994349620415,1.924456713276627,2.01490437360572
M15-L2_C1_5_L1_4-dur-rate,5.404875017130039,5.817503799292816,1.304302606070411,1.4357994349620404,1.924456713276628,2.0149043736057206
M15-L2_C1_5_L1_4-rate,5.404875017130039,5.814333927467721,1.304569708739782,2.1184238427078945,1.652812889962569,1.8401447453701976
M15-L1_4,5.404875017130039,4.927513630189941,1.3437127515100804,1.4357994349620404,1.924456713276628,2.0149043736057206
